Japanese text;English text
部活―覧;Club List
文芸;Literature
演劇;Theater
科学;Science
電脳;Computer
美術;Art
吹奏楽;Brass Band
野球;Baseball
サッカー;Soccer
テニス;Tennis
水泳;Swimming
バスケ;Basketball
取り消し;Cancel
電話番号;Phone number
伊集院;Ijuuin
早乙女;Saotome
藤崎;Fujisaki
如月;Kisaragi
紐緒;Himou
片桐;Katagiri
古式;Koshiki
清川;Kiyokawa
好雄;Yoshio
鏡;Kagami
朝日奈;Asahina
美樹原;Mikihara
虹野;Nijino
優美;Yumi
館林;Tatebayashi
伊集院レイ;Rei Ijuuin
早乙女好雄;Yoshio Saotome
早乙女優美;Yumi Saotome
虹野沙希;Saki Nijino
藤崎詩織;Shiori Fujisaki
如月未緒;Mio Kisaragi
紐緒結奈;Yuina Himou
片桐彩子;Ayako Katagiri
古式ゆかり;Yukari Koshiki
清川望;Nozomi Kiyokawa
鏡魅羅;Mira Kagami
朝日奈夕子;Yuuko Asahina
美樹原愛;Ai Mikihara
館林見晴;Miharu Tatebayashi
文字表示速度;Text Speed
アイコンモード;Icon Mode
マウス設定;Mouse Settings
メニューモード;Menu Mode
カーソル速度;Cursor Speed
音声モード;Voice Mode
設定終了;Close Settings
近所の公園;Neighborhood Park
あなたの名字を教えてくれる？;Can you tell me your last name?
名前;Name
あだ名;Nickname
名前は？;What's your name?
それじゃ、あだ名は？;Then, what's your nickname?
誕生日と血液型も教えてね？;Also, tell me your birthday and blood type, okay?
誕;Birthday
血;Blood Type
誕生日;Birthday
誕生月;Birth month
血液型;Blood Type
これでいい？;Is this okay?
はい;Yes
藤崎詩織の誕生日と血液型は覚えてる？;Do you remember Shiori Fujisaki's birthday and blood type?
詩織;Shiori
いいえ;No
プロローグ;Prologue
遅い;Slow
普通;Normal
速い;Fast
文字速度;Text speed
システム設定画面;System settings screen
廊下;Hallway
デートスポット;Date spot
次のページへ;Next page
きらめき中央公園;Kirameki Central Park
ショッピング街;Shopping District
植物園;Botanical Garden
美術館;Art Museum
図書館;Library
ゲームセンター;Arcade
プラネタリウム;Planetarium
カレンダー;Calendar
女の子の評価を聞く;Ask for the girls' assessment
女の子からの評価;Girls' Assessment
星座;Sign
ＢＷＨ;BWH
クラブ;Club
備考;Notes
６月 １日;June 1st
Ａ型;Type A
８３．５６．８４;83-56-84
水泳部;Swimming club
趣味は音楽鑑賞、特にクラシック;Likes listening to music, especially classical.
成績優秀、スポーツ万能;Excellent grades, all-around athlete.
図書室;Library.
校門前;School Gate
―緒に帰らない？』;Shall we walk home together?
そうだよ。じゃお先に。』;Yes. Well, see you then.
中庭;Courtyard.
プレゼントをする。』;Give a present.
プレゼントをしない。』;Do not give a present.
ピアス』;Earrings
ハンカチ』;Handkerchief
クラシックのＣＤ』;Classical CD
スプーンリレー』;Spoon Relay
借りもの競争』;Scavenger Hunt
別の競技に参加する』;Participate in a different event
クラブ活動をする;Do club activities
クラブをやめる;Quit the club
情報誌;Information Magazine.
８月６日に神社で縁日があります;Festival at the shrine on August 6th.
９月３０日;September 30th.
Ｂ型;Type B
８６．６０．８６;86.60.86
吹奏楽部;Brass Band
趣味は絵を描くこと;Her preferred hobby is drawing.
明るく友達が多い、運動は駄目;Bright and has many friends, not good at sports.
２月１４日;February 14th
Ｏ型;Type O
文芸部;Literature Club
美術部;Art Club
動物園;Zoo
洋服でも見に行こうよ。』;Let's go look at some clothes.
小物でも見に行こうよ。』;Let's go look at some accessories.
ジャンク屋に行こうよ。』;Let's go to the electronics store.
ブティック;Boutique.
全然、ゆっくり見てていいよ。』;Not at all, take as much time as you need.
もうちょっとね。』;Just a little more.
待ってることも、考えてくれよ。』;Think about the fact that I'm waiting too.
美術室;Art Room
期末試験結果発表;Final Exam Results
ＰＬＡＹＥＲ;PLAYER
園内;Inside The Park
全然。俺の方が絵になるな。』;Not at all. I'm more picturesque.
特に自然の中だとね。』;Especially in nature.
そう思うよ。』;I think so too.
合宿所;Lodge
ラッキー！のぞいちゃえ！';Lucky! Let's take a peek!
いや、やめとこう。';No, let's not.
左の窓からのぞく。';Peek through the left window.
真ん中の窓からのぞく。';Peek through the middle window.
右の窓からのぞく。';Peek through the right window.
遊園地;Amusement Park
観覧車;Ferris Wheel
詩織と乗るぜ。';Let's ride with Shiori.
片桐さんと乗るぜ。';Let's ride with Katagiri-san.
ジェットコースター;Roller Coaster
ゴーストハウス;Haunted House
詩織と入るぜ。';Let's go in with Shiori.
片桐さんと入るぜ。';Let's go in with Katagiri-san.
さりげなく趣味とかを聞き出す。';Casually ask about their hobbies.
それとなく好きな場所を探る。';Subtly find out their favorite places.
２月 ３日;February 3rd
８０．５９．８２;80.59.82
身体が弱いことを、気にしている;Worried about being physically weak.
ゲーテの詩集がお気に入り;Fond of Goethe’s poetry collection.
前のページへ;To Previous Page
映画館;Movie Theater
コンサート会場;Concert Hall
プール;Swimming Pool
海;Sea
神社;Shrine
縁日;Festival
浴衣を誉める。';Compliment her yukata.
浴衣を誉めない。';Do not compliment her yukata.
音楽室;Music Room
自宅;Home
８月２３日;August 23rd
ＡＢ型;Type AB
言迷．言迷．言迷;Nooooo Idea.
私設部;Private Section
嫌い嫌い嫌い嫌い嫌い嫌い嫌い;Hate Hate Hate Hate Hate Hate
有名画家展;Famous Painter Exhibition
俺もファンなんだよ。';I'm also a fan.
こんな絵がいいの？';Do you like this kind of painting?
上手だよね。';It's good, isn’t it?
会場内;Inside The Venue
コンサート、つまらなかったね？';That concert was boring, wasn't it?
コンサート、良かったね？';That concert was good, wasn’t it?
コンサート、まあまあだったね？';That concert was so-so, wasn’t it?
ベレー帽』;Beret
孫の手』;Back scratcher
すごく妖しげな本』;Suspicious-looking book
ファンシーショップ;Accessories Shop
でも、あれもいいんじゃない？』;But isn't that one good too?
全然、思わない。』;I don't think so at all.
うん、片桐さんによく似合うよ。』;Yeah, it looks good on you.
舞台裏;Backstage
館内;Inside The Building
今の映画、まあまあだったね？』;That movie was so-so, right?
今の映画、つまらなかったね？』;That movie was boring, right?
今の映画、面白かったね？』;That movie was interesting, right?
並木道;Tree-lined Street
本当、気持ちいいね。』;Yeah, it's nice.
恋愛小説の―場面みたいだね。』;It's like a scene from a romance novel.
散歩は、お腹がすいてこない？』;Doesn't walking make you hungry?
伊集院邸;Ijuin Residence
パーティー会場;Party Hall
スケート場;Ice Skating Rink
スキー場;Ski Resort
正月;New Year
よし、女の子と初詣に行くか。』;Alright, let's invite someone to visit the shrine with.
よし、―人で初詣に行くか。』;Alright, let's visit the shrine alone.
初詣;New Year's Shrine Visit
学業成就』;Academic success
健康祈願』;Good health
恋愛成就』;Love
水族館;Aquarium
ゲーテの詩集』;Goethe's Poetry Collection
受験参考書』;Exam Reference Book
スッポンの生き血』;Turtle's Blood
遊園地内;Inside the Amusement Park
ジェットコースターに乗ろう。』;Let's ride the roller coaster.
観覧車に乗ろうよ。』;Let's ride the Ferris wheel.
ゴーストハウスに行こう。』;Let's go to the haunted house.
俺がいるから大丈夫だっただろ。』;It was okay because I was there, right?
意外と臆病なんだね。』;You're surprisingly timid.
あれで？おかしいんじゃない？』;Scared? By that?
９月１１日;September 11
教室;Classroom
自宅前;In Front of Home
イルカショー;Dolphin Show
イルカって頭良いねぇ。』;Dolphins are smart, aren't they?
イルカってほ乳類なんだよ。』;Dolphins are mammals, you know.
イルカの歯って怖くない？』;Aren't dolphin teeth scary?
玄関;Entrance
スタジアム;Stadium
学校前;In Front of the School
桜並木;Cherry Blossom-Lined Path
だからこそ、美しいんだよ。』;That's precisely why it's beautiful.
それが自然の法則だからね。』;That's simply the law of nature.
道路が汚くなるんだよね。』;It makes the roads all dirty...
よし、―緒に帰ろう。』;Sure, let's walk home together.
恥ずかしいから、いいよ。』;It's a bit embarrassing...
スタジアム内;Inside the Stadium
実際にプレイするほうがいいな。』;I'd rather actually play.
野球嫌いだから。』;I hate baseball.
見てるほうがいいかな。』;Maybe it's better to just watch.
８月４日に神社で縁日があります;There's a festival at the shrine on August 4th.
この絵、片桐さんに似てない。』;Doesn't this painting look like you?
この絵、奇麗だと思わない？』;Don't you think this painting is beautiful?
あの人、奇麗だな⋯。』;That person is beautiful...
空いてるけど、何？』;I'm free then, what's up?
残念ながら、俺様は忙しいのだ。』;I'm afraid I must attend to important matters that day.
いいよ。―緒に行こう。』;Sure. Let's go together.
いや、遠慮しておくよ。』;Nah, I'll pass.
二人三脚』;Three-legged Race
玉転がし』;Ball-rolling Game
すごくおいしそうだね。』;Looks delicious...
そう、全然。』;Yes, absolutely.
水の中のアートだね。』;Art lives inside the water.
５月１６日;May 16
７９．５９．８２;79.59.82
バスケ部;Basketball Club
アニメと、プロレスが好み;Likes anime and pro wrestling.
花を見てると、心が和むね。』;Looking at flowers soothes the heart.
食べれるのかな。』;I wonder if it's edible.
どこにあるの？』;Where is it?
図書館内;Inside the Library
あーっ！みんな勉強してる！』;Ahh! Everyone is studying!
本当だ、静かだね。』;It really is quiet.
俺達も静かに勉強しよう。』;Let's study quietly too.
如月さんと乗るぜ。』;I'll ride with Kisaragi-san.
如月さんと入るぜ。』;I'll go in with Kisaragi-san.
誰にでも描けるんじゃない？』;Anyone can draw that, right?
片桐さん才能あるよ。』;Katagiri-san has talent.
頑張れば何とかなるよ。』;If you work hard enough, you'll manage.
京都．奈良』;Kyoto and Nara
沖縄』;Okinawa
北海道』;Hokkaido
修学旅行;School Trip
京都．奈良;Kyoto and Nara
ホテル．ロビー;Hotel Lobby
うん、―緒に行こう。』;Sure, let's go together.
いや、やめておくよ。』;I'd prefer not.
社寺巡り;Temple and Shrine Tour
恋愛小説』;Romance Novel
サンダル』;Sandals
ヘアーバンド』;Hairband
土産屋;Souvenir Shop
―緒に逃げよう。』;Quick, let's run!
ここは任せて、早く逃げて。』;Get somewhere safe, I'll handle this.
ボーリング場;Bowling Alley
８０．５９．８３;80.59.83
激しいスポーツはしない;I don't do extreme sports.
落ち着ける音楽が好み;I prefer calming music.
コンサート会場で、待ち合わせ』;Meet up at the concert hall.
ゲームセンターで、待ち合わせ』;Meet up at the game center.
コンサート会場で、;At the concert hall,
確かこの場所だった。』;I'm sure it was this place.
ゲームセンターだったかな。』;Was it the game center?
ビデオゲームコーナーに行く。』;Go play the video games.
メダルゲームコーナーに行く。』;Go play the token games.
ビデオゲームコーナー;Video Game Corner
別にかまわないよ。』;I don't really mind.
最近は、女の子も結構来てるよ。』;Lately, lots of girls have been coming to the arcade.
不良になっちゃう？』;Are you becoming a delinquent?
ガーギー画集輸入版』;Imported Gergi Artbook
香水』;Perfume
水中メガネ』;Swimming Goggles
ボーリング場で、待ち合わせ』;Meet up at the bowling alley.
ショッピング街で、待ち合わせ』;Meet up at the shopping district.
ボーリング場で、;At the bowling alley,
片桐さんには絶対取れないね。』;It's impossible to get it.
片桐さんなら取れるって。』;I know you can do it.
何とかなるんじゃない。』;It'll work out somehow.
もう満足した？』;Are you satisfied now?
いいね。行こうか。』;Sounds good. Shall we go?
ジャンク屋;Junk Shop
女のくせにおかしいぜ。』;It's weird for a girl.
フーン好きなんだ。』;Hmm, so you like it.
サイバーな感覚だよね。』;It has a "Cyber" kinda vibe, doesn't it?

そうだね、そう思うよ。』;Yeah, I think so too.
何億年も前の輝きなんだよね。』;It's a shine from billions of years ago.
あんなのただの光だよ。』;That's just a light.
貧血の薬』;Anemia medicine.
シェークスピア全集』;Complete Works of Shakespeare.
俺は、ちょっと怖かったよ。』;I was a little scared.
あれで？おかしいんじゃない。』;With that? Isn't it strange?
確かにすごかったね。』;It was certainly amazing.
校舎裏;Behind the school building.